<annotation>
	<folder>images</folder>
	<filename>images (2).jpg</filename>
	<path>D:\kivy_venv\train\images\images (2).jpg</path>
	<source>
		<database>Unknown</database>
	</source>
	<size>
		<width>300</width>
		<height>168</height>
		<depth>3</depth>
	</size>
	<segmented>0</segmented>
	<object>
		<name>roadCrash</name>
		<pose>Unspecified</pose>
		<truncated>0</truncated>
		<difficult>0</difficult>
		<bndbox>
			<xmin>53</xmin>
			<ymin>41</ymin>
			<xmax>171</xmax>
			<ymax>105</ymax>
		</bndbox>
	</object>
</annotation>
