<annotation>
	<folder>images</folder>
	<filename>images.jpg</filename>
	<path>D:\kivy_venv\train\images\images.jpg</path>
	<source>
		<database>Unknown</database>
	</source>
	<size>
		<width>247</width>
		<height>204</height>
		<depth>3</depth>
	</size>
	<segmented>0</segmented>
	<object>
		<name>roadCrash</name>
		<pose>Unspecified</pose>
		<truncated>0</truncated>
		<difficult>0</difficult>
		<bndbox>
			<xmin>97</xmin>
			<ymin>94</ymin>
			<xmax>162</xmax>
			<ymax>157</ymax>
		</bndbox>
	</object>
</annotation>
