<annotation>
	<folder>images</folder>
	<filename>road_2_3432700_835x547-m.jpg</filename>
	<path>D:\kivy_venv\train\images\road_2_3432700_835x547-m.jpg</path>
	<source>
		<database>Unknown</database>
	</source>
	<size>
		<width>835</width>
		<height>547</height>
		<depth>3</depth>
	</size>
	<segmented>0</segmented>
	<object>
		<name>roadCrash</name>
		<pose>Unspecified</pose>
		<truncated>0</truncated>
		<difficult>0</difficult>
		<bndbox>
			<xmin>85</xmin>
			<ymin>333</ymin>
			<xmax>334</xmax>
			<ymax>452</ymax>
		</bndbox>
	</object>
	<object>
		<name>roadCrash</name>
		<pose>Unspecified</pose>
		<truncated>0</truncated>
		<difficult>0</difficult>
		<bndbox>
			<xmin>435</xmin>
			<ymin>263</ymin>
			<xmax>713</xmax>
			<ymax>457</ymax>
		</bndbox>
	</object>
</annotation>
