<annotation>
	<folder>images</folder>
	<filename>water main break ppg place_1574520859967.jpg_16876862_ver1.0_640_360.jpg</filename>
	<path>D:\kivy_venv\train\images\water main break ppg place_1574520859967.jpg_16876862_ver1.0_640_360.jpg</path>
	<source>
		<database>Unknown</database>
	</source>
	<size>
		<width>640</width>
		<height>360</height>
		<depth>3</depth>
	</size>
	<segmented>0</segmented>
	<object>
		<name>roadCrash</name>
		<pose>Unspecified</pose>
		<truncated>0</truncated>
		<difficult>0</difficult>
		<bndbox>
			<xmin>56</xmin>
			<ymin>126</ymin>
			<xmax>187</xmax>
			<ymax>190</ymax>
		</bndbox>
	</object>
	<object>
		<name>roadCrash</name>
		<pose>Unspecified</pose>
		<truncated>0</truncated>
		<difficult>0</difficult>
		<bndbox>
			<xmin>305</xmin>
			<ymin>238</ymin>
			<xmax>526</xmax>
			<ymax>325</ymax>
		</bndbox>
	</object>
</annotation>
