<annotation>
	<folder>images</folder>
	<filename>images (3).jpg</filename>
	<path>D:\kivy_venv\train\images\images (3).jpg</path>
	<source>
		<database>Unknown</database>
	</source>
	<size>
		<width>194</width>
		<height>259</height>
		<depth>3</depth>
	</size>
	<segmented>0</segmented>
	<object>
		<name>roadCrash</name>
		<pose>Unspecified</pose>
		<truncated>0</truncated>
		<difficult>0</difficult>
		<bndbox>
			<xmin>26</xmin>
			<ymin>35</ymin>
			<xmax>137</xmax>
			<ymax>135</ymax>
		</bndbox>
	</object>
</annotation>
